step,count,reward_mean,budget_hit_rate,answer_anywhere_rate,answer_last500_rate,garbled_rate,avg_chars
1,64,0.15625,0.625,0.296875,0.15625,0.5,4119.84375
2,64,0.296875,0.359375,0.4375,0.3125,0,3353.609375
3,64,0.34375,0.328125,0.421875,0.34375,0,3210.21875
4,64,0.375,0.453125,0.546875,0.40625,0,3406.90625
5,64,0.484375,0.25,0.59375,0.5,0,2865.359375
6,64,0.296875,0.375,0.390625,0.296875,0.015625,3124.90625
7,64,0.515625,0.25,0.609375,0.53125,0,3058.09375
8,64,0.328125,0.359375,0.453125,0.359375,0,3312.03125
9,64,0.296875,0.453125,0.421875,0.296875,0,3332.5
10,64,0.46875,0.265625,0.578125,0.46875,0,3204.34375
11,64,0.3125,0.5,0.421875,0.34375,0.046875,3423.515625
12,64,0.34375,0.21875,0.359375,0.34375,0,2954.296875
13,64,0.40625,0.171875,0.46875,0.40625,0,3028.046875
14,64,0.390625,0.25,0.46875,0.390625,0,3132.875
15,64,0.1875,0.421875,0.3125,0.25,0,3296.453125
16,64,0.453125,0.21875,0.59375,0.453125,0,3088.09375
17,64,0.328125,0.46875,0.40625,0.328125,0,3337.546875
18,64,0.296875,0.265625,0.359375,0.296875,0,3196.203125
19,64,0.28125,0.421875,0.375,0.28125,0,3194.734375
20,64,0.21875,0.0625,0.28125,0.21875,0,2966.5
21,64,0.203125,0.4375,0.28125,0.21875,0,3333.28125
22,64,0.515625,0.390625,0.671875,0.515625,0,3209.796875
23,64,0.28125,0.46875,0.328125,0.28125,0,3361.25
24,64,0.515625,0.1875,0.65625,0.515625,0,3113.375
25,64,0.28125,0.421875,0.4375,0.28125,0,3293.515625
26,64,0.265625,0.328125,0.359375,0.28125,0,3306.796875
27,64,0.4375,0.296875,0.53125,0.453125,0,2989.8125
28,64,0.5,0.1875,0.578125,0.515625,0,3013.296875
29,64,0.375,0.28125,0.4375,0.375,0,3146.15625
30,64,0.359375,0.296875,0.453125,0.359375,0,3218.75
31,64,0.375,0.328125,0.453125,0.375,0,3052.78125
32,64,0.4375,0.375,0.515625,0.4375,0,3247.203125
33,64,0.5,0.25,0.5625,0.5,0,2874.78125
34,64,0.4375,0.328125,0.546875,0.46875,0,3129.390625
35,64,0.46875,0.140625,0.59375,0.484375,0,2949.171875
36,64,0.375,0.21875,0.515625,0.390625,0,3062.46875
37,64,0.46875,0.3125,0.59375,0.5,0,3139.515625
38,64,0.359375,0.234375,0.4375,0.359375,0,3122.1875
39,64,0.421875,0.34375,0.484375,0.4375,0,3224.328125
40,64,0.484375,0.203125,0.625,0.5,0,2955.296875
41,64,0.421875,0.34375,0.578125,0.4375,0,3170.734375
42,64,0.296875,0.40625,0.4375,0.3125,0,3324.515625
43,64,0.515625,0.125,0.640625,0.515625,0,2833
44,64,0.5625,0.21875,0.671875,0.578125,0,2835.046875
45,64,0.390625,0.359375,0.5625,0.40625,0.015625,3165.1875
46,64,0.46875,0.21875,0.59375,0.46875,0,2977.796875
47,64,0.515625,0.171875,0.59375,0.515625,0.03125,2985.640625
48,64,0.421875,0.359375,0.5,0.421875,0.015625,3129.515625
49,64,0.46875,0.203125,0.546875,0.46875,0,3019.15625
50,64,0.390625,0.296875,0.515625,0.40625,0,3351.921875
51,64,0.390625,0.375,0.5,0.390625,0,3152.53125
52,64,0.5,0.28125,0.546875,0.5,0.015625,3131.859375
53,64,0.40625,0.296875,0.5,0.40625,0,2991.078125
54,64,0.28125,0.328125,0.375,0.296875,0.015625,3288.453125
55,64,0.296875,0.46875,0.390625,0.3125,0,3266.609375
56,64,0.34375,0.328125,0.4375,0.359375,0,3260.703125
57,64,0.28125,0.390625,0.421875,0.28125,0,3265.40625
58,64,0.3125,0.375,0.390625,0.34375,0,3319.46875
59,64,0.625,0.296875,0.703125,0.625,0,2960.953125
60,64,0.40625,0.375,0.46875,0.40625,0,3117.546875
61,64,0.5,0.328125,0.640625,0.5,0,3009.015625
62,64,0.296875,0.40625,0.359375,0.3125,0.015625,3275.6875
63,64,0.34375,0.421875,0.4375,0.34375,0,3256.109375
64,64,0.484375,0.265625,0.53125,0.484375,0,3074.03125
65,64,0.21875,0.375,0.40625,0.21875,0,3325.8125
66,64,0.421875,0.1875,0.546875,0.421875,0,3186.890625
67,64,0.453125,0.1875,0.5625,0.453125,0,2991.453125
68,64,0.375,0.15625,0.609375,0.421875,0,3139.8125
69,64,0.515625,0.296875,0.625,0.515625,0,3065.109375
70,64,0.21875,0.328125,0.34375,0.234375,0.015625,3463.40625
71,64,0.359375,0.3125,0.46875,0.375,0,2999
72,64,0.390625,0.296875,0.4375,0.390625,0,3175.859375
73,64,0.484375,0.203125,0.578125,0.5,0,3141.109375
74,64,0.5,0.265625,0.5625,0.5,0.03125,3087.046875
75,64,0.3125,0.359375,0.34375,0.3125,0.03125,3277.0625
76,64,0.4375,0.21875,0.53125,0.453125,0,3141.953125
77,64,0.3125,0.328125,0.34375,0.3125,0,3263.328125
78,64,0.390625,0.15625,0.59375,0.390625,0,2994.578125
79,64,0.453125,0.328125,0.515625,0.46875,0,3175.34375
80,64,0.3125,0.21875,0.390625,0.34375,0,3170.34375
81,64,0.484375,0.34375,0.5625,0.484375,0,3206.265625
82,64,0.421875,0.140625,0.640625,0.484375,0,3018.796875
83,64,0.40625,0.359375,0.59375,0.4375,0.015625,3097.984375
84,64,0.421875,0.25,0.5,0.4375,0.015625,3051.25
85,64,0.390625,0.28125,0.5625,0.40625,0,3209.828125
86,64,0.40625,0.171875,0.46875,0.421875,0,2988.640625
87,64,0.296875,0.4375,0.359375,0.296875,0.015625,3453.28125
88,64,0.46875,0.390625,0.546875,0.46875,0.046875,3223.359375
89,64,0.46875,0.3125,0.59375,0.484375,0,3114.375
90,64,0.453125,0.15625,0.59375,0.46875,0,3059.5625
91,64,0.390625,0.140625,0.515625,0.40625,0,3158.375
92,64,0.3125,0.453125,0.5625,0.328125,0,3358.21875
93,64,0.234375,0.53125,0.375,0.265625,0,3444.59375
94,64,0.4375,0.3125,0.515625,0.453125,0,3000.40625
95,64,0.484375,0.265625,0.625,0.5,0,3024.421875
96,64,0.609375,0.046875,0.6875,0.609375,0,2652.171875
97,64,0.34375,0.265625,0.4375,0.34375,0,3130.453125
98,64,0.25,0.4375,0.390625,0.25,0,3466.453125
99,64,0.21875,0.4375,0.3125,0.21875,0,3397.59375
100,64,0.359375,0.25,0.421875,0.359375,0,3022.796875
101,64,0.453125,0.1875,0.59375,0.46875,0,2985.8125
102,64,0.546875,0.21875,0.671875,0.5625,0,3146.609375
103,64,0.375,0.34375,0.5,0.375,0,3177.109375
104,64,0.359375,0.3125,0.53125,0.375,0,3258.125
105,64,0.359375,0.296875,0.46875,0.375,0.015625,3051.984375
106,64,0.4375,0.203125,0.515625,0.4375,0,3049.734375
107,64,0.328125,0.265625,0.390625,0.328125,0,3103.3125
108,64,0.5,0.203125,0.640625,0.5,0,2967.4375
109,64,0.34375,0.5,0.46875,0.34375,0,3295.8125
110,64,0.375,0.203125,0.4375,0.390625,0,3067.703125
111,64,0.359375,0.421875,0.40625,0.359375,0,3269.875
112,64,0.34375,0.390625,0.375,0.34375,0,3201.109375
113,64,0.5,0.359375,0.578125,0.5,0.015625,3153.28125
114,64,0.375,0.3125,0.421875,0.390625,0,3207.765625
115,64,0.203125,0.3125,0.25,0.203125,0,3310.6875
116,64,0.3125,0.3125,0.4375,0.3125,0.03125,3348.625
117,64,0.3125,0.359375,0.453125,0.34375,0,3194.15625
118,64,0.421875,0.390625,0.484375,0.421875,0,3150.171875
119,64,0.3125,0.234375,0.484375,0.3125,0,3173.03125
120,64,0.421875,0.28125,0.578125,0.4375,0,3126.40625
121,64,0.328125,0.265625,0.359375,0.328125,0,3078.765625
122,64,0.546875,0.296875,0.609375,0.546875,0,3070.4375
123,64,0.46875,0.203125,0.515625,0.46875,0,2947.578125
124,64,0.4375,0.375,0.578125,0.453125,0,3101.921875
125,64,0.375,0.25,0.53125,0.390625,0.015625,3049.25
